-- MariaDB dump 10.19  Distrib 10.4.32-MariaDB, for Win64 (AMD64)
--
-- Host: localhost    Database: wep_db
-- ------------------------------------------------------
-- Server version	10.4.32-MariaDB

/*!40101 SET @OLD_CHARACTER_SET_CLIENT=@@CHARACTER_SET_CLIENT */;
/*!40101 SET @OLD_CHARACTER_SET_RESULTS=@@CHARACTER_SET_RESULTS */;
/*!40101 SET @OLD_COLLATION_CONNECTION=@@COLLATION_CONNECTION */;
/*!40101 SET NAMES utf8mb4 */;
/*!40103 SET @OLD_TIME_ZONE=@@TIME_ZONE */;
/*!40103 SET TIME_ZONE='+00:00' */;
/*!40014 SET @OLD_UNIQUE_CHECKS=@@UNIQUE_CHECKS, UNIQUE_CHECKS=0 */;
/*!40014 SET @OLD_FOREIGN_KEY_CHECKS=@@FOREIGN_KEY_CHECKS, FOREIGN_KEY_CHECKS=0 */;
/*!40101 SET @OLD_SQL_MODE=@@SQL_MODE, SQL_MODE='NO_AUTO_VALUE_ON_ZERO' */;
/*!40111 SET @OLD_SQL_NOTES=@@SQL_NOTES, SQL_NOTES=0 */;

--
-- Table structure for table `bookmarks`
--

DROP TABLE IF EXISTS `bookmarks`;
/*!40101 SET @saved_cs_client     = @@character_set_client */;
/*!40101 SET character_set_client = utf8 */;
CREATE TABLE `bookmarks` (
  `id` int(10) unsigned NOT NULL AUTO_INCREMENT,
  `user_id` int(10) unsigned NOT NULL,
  `post_id` int(10) unsigned NOT NULL,
  `created_at` timestamp NOT NULL DEFAULT current_timestamp(),
  PRIMARY KEY (`id`),
  UNIQUE KEY `unique_bookmark` (`user_id`,`post_id`),
  KEY `idx_user_id` (`user_id`),
  KEY `idx_post_id` (`post_id`)
) ENGINE=InnoDB AUTO_INCREMENT=35 DEFAULT CHARSET=utf8mb4 COLLATE=utf8mb4_unicode_ci;
/*!40101 SET character_set_client = @saved_cs_client */;

--
-- Dumping data for table `bookmarks`
--

LOCK TABLES `bookmarks` WRITE;
/*!40000 ALTER TABLE `bookmarks` DISABLE KEYS */;
INSERT INTO `bookmarks` VALUES (3,4,7,'2025-05-27 05:54:09'),(9,11,75,'2025-05-27 09:58:40'),(12,11,85,'2025-05-27 11:21:22'),(13,4,88,'2025-05-27 11:29:21'),(16,101,97,'2025-05-27 19:26:38'),(20,102,101,'2025-05-27 21:56:31'),(23,4,105,'2025-05-27 23:08:12'),(27,5,97,'2025-05-27 23:20:17'),(29,5,103,'2025-05-27 23:33:58'),(30,5,87,'2025-05-28 00:03:01'),(31,5,66,'2025-05-28 00:17:42'),(32,4,35,'2025-05-28 07:08:37'),(33,4,104,'2025-05-28 07:08:39');
/*!40000 ALTER TABLE `bookmarks` ENABLE KEYS */;
UNLOCK TABLES;

--
-- Table structure for table `comment_likes`
--

DROP TABLE IF EXISTS `comment_likes`;
/*!40101 SET @saved_cs_client     = @@character_set_client */;
/*!40101 SET character_set_client = utf8 */;
CREATE TABLE `comment_likes` (
  `id` int(11) NOT NULL AUTO_INCREMENT,
  `comment_id` int(11) NOT NULL,
  `user_id` int(11) NOT NULL,
  `created_at` timestamp NOT NULL DEFAULT current_timestamp(),
  PRIMARY KEY (`id`),
  UNIQUE KEY `unique_comment_like` (`comment_id`,`user_id`),
  KEY `user_id` (`user_id`),
  CONSTRAINT `comment_likes_ibfk_1` FOREIGN KEY (`comment_id`) REFERENCES `comments` (`id`) ON DELETE CASCADE,
  CONSTRAINT `comment_likes_ibfk_2` FOREIGN KEY (`user_id`) REFERENCES `users` (`id`) ON DELETE CASCADE
) ENGINE=InnoDB AUTO_INCREMENT=198 DEFAULT CHARSET=utf8mb4 COLLATE=utf8mb4_unicode_ci;
/*!40101 SET character_set_client = @saved_cs_client */;

--
-- Dumping data for table `comment_likes`
--

LOCK TABLES `comment_likes` WRITE;
/*!40000 ALTER TABLE `comment_likes` DISABLE KEYS */;
INSERT INTO `comment_likes` VALUES (1,3,5,'2025-05-27 07:22:13'),(10,18,11,'2025-05-27 10:44:42'),(11,16,11,'2025-05-27 10:44:44'),(12,27,4,'2025-05-27 11:28:32'),(45,35,4,'2025-05-27 22:22:57'),(75,33,4,'2025-05-27 22:36:56'),(122,34,4,'2025-05-27 22:53:28'),(128,40,4,'2025-05-27 22:59:55'),(134,37,4,'2025-05-27 23:01:20'),(136,43,4,'2025-05-27 23:01:32'),(139,44,4,'2025-05-27 23:09:04'),(140,45,4,'2025-05-27 23:10:23'),(143,46,5,'2025-05-27 23:20:11'),(167,47,5,'2025-05-27 23:45:49'),(170,48,5,'2025-05-27 23:48:11'),(174,13,5,'2025-05-27 23:52:11'),(179,12,5,'2025-05-27 23:57:00');
/*!40000 ALTER TABLE `comment_likes` ENABLE KEYS */;
UNLOCK TABLES;

--
-- Table structure for table `comments`
--

DROP TABLE IF EXISTS `comments`;
/*!40101 SET @saved_cs_client     = @@character_set_client */;
/*!40101 SET character_set_client = utf8 */;
CREATE TABLE `comments` (
  `id` int(11) NOT NULL AUTO_INCREMENT,
  `user_id` int(11) NOT NULL,
  `post_id` int(11) NOT NULL,
  `content` text NOT NULL,
  `created_at` timestamp NOT NULL DEFAULT current_timestamp(),
  PRIMARY KEY (`id`),
  KEY `user_id` (`user_id`),
  KEY `post_id` (`post_id`),
  CONSTRAINT `comments_ibfk_1` FOREIGN KEY (`user_id`) REFERENCES `users` (`id`) ON DELETE CASCADE,
  CONSTRAINT `comments_ibfk_2` FOREIGN KEY (`post_id`) REFERENCES `posts` (`id`) ON DELETE CASCADE
) ENGINE=InnoDB AUTO_INCREMENT=53 DEFAULT CHARSET=utf8mb4 COLLATE=utf8mb4_unicode_ci;
/*!40101 SET character_set_client = @saved_cs_client */;

--
-- Dumping data for table `comments`
--

LOCK TABLES `comments` WRITE;
/*!40000 ALTER TABLE `comments` DISABLE KEYS */;
INSERT INTO `comments` VALUES (3,5,44,'ؤ','2025-05-27 07:22:10'),(4,5,44,'@ben10 ل','2025-05-27 07:22:16'),(5,5,45,'يؤب','2025-05-27 07:22:33'),(6,9,12,'ممتاز، استمر!','2025-05-27 09:02:56'),(7,5,13,'أوافقك الرأي تماماً','2025-05-27 09:02:56'),(8,6,14,'ممتاز، استمر!','2025-05-27 09:02:57'),(9,8,15,'ممتاز، استمر!','2025-05-27 09:02:57'),(10,4,16,'شكراً على المشاركة','2025-05-27 09:02:57'),(11,6,45,'منشور رائع! 👍','2025-05-27 09:08:45'),(12,7,65,'منشور رائع! 👍','2025-05-27 09:08:45'),(13,9,67,'❤️','2025-05-27 09:08:45'),(14,1,68,'منشور رائع! 👍','2025-05-27 09:08:45'),(15,11,75,'تعليق تجريبي للاختبار 🎉','2025-05-27 09:58:40'),(16,11,86,'رب','2025-05-27 10:01:22'),(18,11,86,'برؤرر','2025-05-27 10:02:28'),(19,11,83,'يب','2025-05-27 10:02:49'),(27,4,88,'لابا','2025-05-27 11:28:27'),(29,4,43,'lwv','2025-05-27 21:24:48'),(33,4,90,'d','2025-05-27 22:07:25'),(34,4,41,'و','2025-05-27 22:20:54'),(35,4,89,'وو','2025-05-27 22:21:03'),(36,4,103,'بيب','2025-05-27 22:23:26'),(37,4,103,'قثقثص','2025-05-27 22:23:37'),(40,4,90,'يسب','2025-05-27 22:37:02'),(41,4,39,'بل','2025-05-27 22:59:05'),(42,4,103,'بييب','2025-05-27 23:01:04'),(43,4,104,'يبب','2025-05-27 23:01:25'),(44,4,105,'ببيسب','2025-05-27 23:08:57'),(45,4,105,'بييب','2025-05-27 23:10:22'),(46,4,105,'@andrew للب','2025-05-27 23:10:28'),(47,5,74,'يسبي','2025-05-27 23:13:01'),(48,5,72,'زز','2025-05-27 23:41:45'),(49,5,69,'ب','2025-05-27 23:50:19'),(50,5,73,'لل','2025-05-28 00:03:26'),(51,104,109,'❤️❤️❤️','2025-05-28 07:14:58');
/*!40000 ALTER TABLE `comments` ENABLE KEYS */;
UNLOCK TABLES;

--
-- Table structure for table `favorites`
--

DROP TABLE IF EXISTS `favorites`;
/*!40101 SET @saved_cs_client     = @@character_set_client */;
/*!40101 SET character_set_client = utf8 */;
CREATE TABLE `favorites` (
  `id` int(10) unsigned NOT NULL AUTO_INCREMENT,
  `user_id` int(10) unsigned NOT NULL,
  `post_id` int(10) unsigned NOT NULL,
  `created_at` timestamp NOT NULL DEFAULT current_timestamp(),
  PRIMARY KEY (`id`),
  UNIQUE KEY `unique_favorite` (`user_id`,`post_id`),
  KEY `idx_user_id` (`user_id`),
  KEY `idx_post_id` (`post_id`)
) ENGINE=InnoDB DEFAULT CHARSET=utf8mb4 COLLATE=utf8mb4_unicode_ci;
/*!40101 SET character_set_client = @saved_cs_client */;

--
-- Dumping data for table `favorites`
--

LOCK TABLES `favorites` WRITE;
/*!40000 ALTER TABLE `favorites` DISABLE KEYS */;
/*!40000 ALTER TABLE `favorites` ENABLE KEYS */;
UNLOCK TABLES;

--
-- Table structure for table `followers`
--

DROP TABLE IF EXISTS `followers`;
/*!40101 SET @saved_cs_client     = @@character_set_client */;
/*!40101 SET character_set_client = utf8 */;
CREATE TABLE `followers` (
  `id` int(11) NOT NULL AUTO_INCREMENT,
  `follower_id` int(11) NOT NULL,
  `followed_id` int(11) NOT NULL,
  `created_at` timestamp NOT NULL DEFAULT current_timestamp(),
  PRIMARY KEY (`id`),
  UNIQUE KEY `unique_follow` (`follower_id`,`followed_id`),
  KEY `followed_id` (`followed_id`),
  CONSTRAINT `followers_ibfk_1` FOREIGN KEY (`follower_id`) REFERENCES `users` (`id`) ON DELETE CASCADE,
  CONSTRAINT `followers_ibfk_2` FOREIGN KEY (`followed_id`) REFERENCES `users` (`id`) ON DELETE CASCADE
) ENGINE=InnoDB AUTO_INCREMENT=47 DEFAULT CHARSET=utf8mb4 COLLATE=utf8mb4_unicode_ci;
/*!40101 SET character_set_client = @saved_cs_client */;

--
-- Dumping data for table `followers`
--

LOCK TABLES `followers` WRITE;
/*!40000 ALTER TABLE `followers` DISABLE KEYS */;
INSERT INTO `followers` VALUES (1,1,5,'2025-05-27 09:17:04'),(2,2,5,'2025-05-27 09:17:04'),(3,3,5,'2025-05-27 09:17:04'),(6,5,2,'2025-05-27 09:17:04'),(7,5,6,'2025-05-27 09:17:04'),(11,5,1,'2025-05-27 09:34:55'),(12,5,4,'2025-05-27 09:34:57'),(13,11,8,'2025-05-27 09:38:15'),(14,11,1,'2025-05-27 09:42:51'),(15,11,7,'2025-05-27 09:42:51'),(16,11,6,'2025-05-27 09:42:52'),(19,1,11,'2025-05-27 09:44:31'),(20,2,11,'2025-05-27 09:44:31'),(21,3,11,'2025-05-27 09:44:31'),(23,5,11,'2025-05-27 09:44:31'),(29,11,5,'2025-05-27 09:45:24'),(31,11,4,'2025-05-27 09:45:30'),(32,11,2,'2025-05-27 09:45:33'),(35,11,9,'2025-05-27 12:21:21'),(36,11,10,'2025-05-27 12:21:24'),(37,11,3,'2025-05-27 12:21:43'),(39,4,101,'2025-05-27 23:09:17'),(41,5,102,'2025-05-27 23:13:49'),(42,5,101,'2025-05-27 23:13:57'),(43,5,9,'2025-05-27 23:14:02'),(44,104,103,'2025-05-28 07:14:21'),(46,104,8,'2025-05-28 07:17:25');
/*!40000 ALTER TABLE `followers` ENABLE KEYS */;
UNLOCK TABLES;

--
-- Table structure for table `friend_requests`
--

DROP TABLE IF EXISTS `friend_requests`;
/*!40101 SET @saved_cs_client     = @@character_set_client */;
/*!40101 SET character_set_client = utf8 */;
CREATE TABLE `friend_requests` (
  `id` int(11) NOT NULL AUTO_INCREMENT,
  `sender_id` int(11) NOT NULL,
  `receiver_id` int(11) NOT NULL,
  `status` enum('pending','accepted','rejected') DEFAULT 'pending',
  `created_at` timestamp NOT NULL DEFAULT current_timestamp(),
  `updated_at` timestamp NOT NULL DEFAULT current_timestamp() ON UPDATE current_timestamp(),
  PRIMARY KEY (`id`),
  UNIQUE KEY `unique_request` (`sender_id`,`receiver_id`),
  KEY `receiver_id` (`receiver_id`),
  CONSTRAINT `friend_requests_ibfk_1` FOREIGN KEY (`sender_id`) REFERENCES `users` (`id`) ON DELETE CASCADE,
  CONSTRAINT `friend_requests_ibfk_2` FOREIGN KEY (`receiver_id`) REFERENCES `users` (`id`) ON DELETE CASCADE
) ENGINE=InnoDB DEFAULT CHARSET=utf8mb4 COLLATE=utf8mb4_unicode_ci;
/*!40101 SET character_set_client = @saved_cs_client */;

--
-- Dumping data for table `friend_requests`
--

LOCK TABLES `friend_requests` WRITE;
/*!40000 ALTER TABLE `friend_requests` DISABLE KEYS */;
/*!40000 ALTER TABLE `friend_requests` ENABLE KEYS */;
UNLOCK TABLES;

--
-- Table structure for table `likes`
--

DROP TABLE IF EXISTS `likes`;
/*!40101 SET @saved_cs_client     = @@character_set_client */;
/*!40101 SET character_set_client = utf8 */;
CREATE TABLE `likes` (
  `id` int(11) NOT NULL AUTO_INCREMENT,
  `user_id` int(11) NOT NULL,
  `post_id` int(11) NOT NULL,
  `created_at` timestamp NOT NULL DEFAULT current_timestamp(),
  PRIMARY KEY (`id`),
  UNIQUE KEY `user_id` (`user_id`,`post_id`),
  KEY `post_id` (`post_id`),
  CONSTRAINT `likes_ibfk_1` FOREIGN KEY (`user_id`) REFERENCES `users` (`id`) ON DELETE CASCADE,
  CONSTRAINT `likes_ibfk_2` FOREIGN KEY (`post_id`) REFERENCES `posts` (`id`) ON DELETE CASCADE
) ENGINE=InnoDB AUTO_INCREMENT=139 DEFAULT CHARSET=utf8mb4 COLLATE=utf8mb4_unicode_ci;
/*!40101 SET character_set_client = @saved_cs_client */;

--
-- Dumping data for table `likes`
--

LOCK TABLES `likes` WRITE;
/*!40000 ALTER TABLE `likes` DISABLE KEYS */;
INSERT INTO `likes` VALUES (8,5,44,'2025-05-27 07:09:08'),(9,5,45,'2025-05-27 07:09:09'),(10,2,12,'2025-05-27 09:02:56'),(11,10,12,'2025-05-27 09:02:56'),(12,4,13,'2025-05-27 09:02:56'),(13,5,14,'2025-05-27 09:02:56'),(14,3,14,'2025-05-27 09:02:56'),(15,10,14,'2025-05-27 09:02:56'),(16,4,15,'2025-05-27 09:02:56'),(17,7,16,'2025-05-27 09:02:56'),(18,1,16,'2025-05-27 09:02:56'),(19,5,17,'2025-05-27 09:02:56'),(20,3,17,'2025-05-27 09:02:56'),(21,6,18,'2025-05-27 09:02:56'),(22,4,18,'2025-05-27 09:02:56'),(23,7,18,'2025-05-27 09:02:56'),(24,5,20,'2025-05-27 09:02:56'),(25,8,20,'2025-05-27 09:02:56'),(26,1,20,'2025-05-27 09:02:56'),(27,8,22,'2025-05-27 09:02:56'),(28,7,22,'2025-05-27 09:02:56'),(29,5,24,'2025-05-27 09:02:56'),(30,7,24,'2025-05-27 09:02:56'),(31,5,26,'2025-05-27 09:02:56'),(32,1,26,'2025-05-27 09:02:56'),(33,9,28,'2025-05-27 09:02:56'),(34,3,28,'2025-05-27 09:02:56'),(35,6,30,'2025-05-27 09:02:56'),(36,9,30,'2025-05-27 09:02:56'),(37,8,32,'2025-05-27 09:02:56'),(38,2,32,'2025-05-27 09:02:56'),(39,5,34,'2025-05-27 09:02:56'),(40,6,37,'2025-05-27 09:02:56'),(41,4,37,'2025-05-27 09:02:56'),(42,8,37,'2025-05-27 09:02:56'),(43,4,38,'2025-05-27 09:02:56'),(44,5,38,'2025-05-27 09:02:56'),(45,1,38,'2025-05-27 09:02:56'),(46,6,40,'2025-05-27 09:02:56'),(47,2,40,'2025-05-27 09:02:56'),(48,1,42,'2025-05-27 09:02:56'),(49,4,44,'2025-05-27 09:02:56'),(50,7,44,'2025-05-27 09:02:56'),(51,1,44,'2025-05-27 09:02:56'),(52,6,46,'2025-05-27 09:02:56'),(53,7,48,'2025-05-27 09:02:56'),(54,3,49,'2025-05-27 09:02:56'),(55,6,50,'2025-05-27 09:02:56'),(56,4,50,'2025-05-27 09:02:56'),(57,8,50,'2025-05-27 09:02:56'),(58,5,51,'2025-05-27 09:02:56'),(59,8,51,'2025-05-27 09:02:56'),(60,2,54,'2025-05-27 09:02:56'),(61,4,55,'2025-05-27 09:02:56'),(62,9,55,'2025-05-27 09:02:56'),(63,5,7,'2025-05-27 09:02:56'),(64,2,7,'2025-05-27 09:02:56'),(65,3,7,'2025-05-27 09:02:56'),(66,5,35,'2025-05-27 09:02:56'),(67,1,35,'2025-05-27 09:02:56'),(68,5,36,'2025-05-27 09:02:56'),(69,6,39,'2025-05-27 09:02:56'),(70,7,41,'2025-05-27 09:02:56'),(71,4,43,'2025-05-27 09:02:56'),(72,8,43,'2025-05-27 09:02:56'),(73,7,45,'2025-05-27 09:02:56'),(74,3,45,'2025-05-27 09:02:56'),(75,1,65,'2025-05-27 09:02:56'),(76,10,65,'2025-05-27 09:02:56'),(77,9,66,'2025-05-27 09:02:56'),(78,1,67,'2025-05-27 09:02:56'),(79,5,68,'2025-05-27 09:02:56'),(80,2,68,'2025-05-27 09:02:56'),(81,10,68,'2025-05-27 09:02:56'),(82,5,69,'2025-05-27 09:02:56'),(83,1,69,'2025-05-27 09:02:56'),(84,7,70,'2025-05-27 09:02:56'),(85,3,70,'2025-05-27 09:02:56'),(86,6,71,'2025-05-27 09:02:56'),(87,5,71,'2025-05-27 09:02:56'),(88,9,72,'2025-05-27 09:02:56'),(89,3,72,'2025-05-27 09:02:56'),(90,10,72,'2025-05-27 09:02:56'),(91,7,73,'2025-05-27 09:02:56'),(92,8,74,'2025-05-27 09:02:56'),(93,1,74,'2025-05-27 09:02:56'),(94,10,74,'2025-05-27 09:02:56'),(95,9,45,'2025-05-27 09:08:45'),(98,4,65,'2025-05-27 09:08:45'),(99,8,65,'2025-05-27 09:08:45'),(100,3,65,'2025-05-27 09:08:45'),(102,8,66,'2025-05-27 09:08:45'),(103,10,66,'2025-05-27 09:08:45'),(104,9,67,'2025-05-27 09:08:45'),(105,8,67,'2025-05-27 09:08:45'),(106,7,67,'2025-05-27 09:08:45'),(107,4,68,'2025-05-27 09:08:45'),(108,7,68,'2025-05-27 09:08:45'),(109,3,68,'2025-05-27 09:08:45'),(110,5,74,'2025-05-27 09:28:38'),(111,11,75,'2025-05-27 09:58:40'),(113,11,85,'2025-05-27 10:01:17'),(115,11,86,'2025-05-27 10:12:26'),(116,11,83,'2025-05-27 10:44:29'),(118,11,87,'2025-05-27 11:21:14'),(119,4,88,'2025-05-27 11:29:19'),(120,4,90,'2025-05-27 12:18:43'),(123,1,85,'2025-05-27 21:26:33'),(124,1,88,'2025-05-27 21:26:36'),(125,1,87,'2025-05-27 21:26:37'),(126,102,101,'2025-05-27 21:56:08'),(128,4,103,'2025-05-27 22:32:47'),(129,4,104,'2025-05-27 23:00:56'),(130,4,105,'2025-05-27 23:07:52'),(132,5,105,'2025-05-27 23:20:09'),(136,5,87,'2025-05-28 00:00:01'),(137,5,108,'2025-05-28 00:17:39'),(138,104,109,'2025-05-28 07:14:47');
/*!40000 ALTER TABLE `likes` ENABLE KEYS */;
UNLOCK TABLES;

--
-- Table structure for table `messages`
--

DROP TABLE IF EXISTS `messages`;
/*!40101 SET @saved_cs_client     = @@character_set_client */;
/*!40101 SET character_set_client = utf8 */;
CREATE TABLE `messages` (
  `id` int(11) NOT NULL AUTO_INCREMENT,
  `sender_id` int(11) NOT NULL,
  `receiver_id` int(11) NOT NULL,
  `content` text NOT NULL,
  `media_url` longtext DEFAULT NULL,
  `media_type` enum('image','video','audio','file') DEFAULT NULL,
  `is_read` tinyint(1) DEFAULT 0,
  `created_at` timestamp NOT NULL DEFAULT current_timestamp(),
  `updated_at` timestamp NOT NULL DEFAULT current_timestamp() ON UPDATE current_timestamp(),
  PRIMARY KEY (`id`),
  KEY `idx_sender` (`sender_id`),
  KEY `idx_receiver` (`receiver_id`),
  KEY `idx_created_at` (`created_at`),
  CONSTRAINT `messages_ibfk_1` FOREIGN KEY (`sender_id`) REFERENCES `users` (`id`) ON DELETE CASCADE,
  CONSTRAINT `messages_ibfk_2` FOREIGN KEY (`receiver_id`) REFERENCES `users` (`id`) ON DELETE CASCADE
) ENGINE=InnoDB AUTO_INCREMENT=270 DEFAULT CHARSET=utf8mb4 COLLATE=utf8mb4_unicode_ci;
/*!40101 SET character_set_client = @saved_cs_client */;

--
-- Dumping data for table `messages`
--

LOCK TABLES `messages` WRITE;
/*!40000 ALTER TABLE `messages` DISABLE KEYS */;
INSERT INTO `messages` VALUES (6,4,2,'ز',NULL,NULL,0,'2025-05-26 22:51:25','2025-05-26 22:51:25'),(14,4,1,'يوانا',NULL,NULL,0,'2025-05-26 22:59:34','2025-05-26 22:59:34'),(15,4,2,'ي',NULL,NULL,0,'2025-05-26 23:00:21','2025-05-26 23:00:21'),(16,4,1,'بيسيسب',NULL,NULL,0,'2025-05-26 23:02:54','2025-05-26 23:02:54'),(17,4,1,'ببي',NULL,NULL,0,'2025-05-26 23:02:56','2025-05-26 23:02:56'),(18,4,1,'بب',NULL,NULL,0,'2025-05-27 01:01:37','2025-05-27 01:01:37'),(27,4,2,'بيبي',NULL,NULL,0,'2025-05-27 01:18:24','2025-05-27 01:18:24'),(28,4,2,'بب',NULL,NULL,0,'2025-05-27 01:18:26','2025-05-27 01:18:26'),(30,5,4,'مرحبا  بك',NULL,NULL,1,'2025-05-27 01:25:22','2025-05-27 01:25:33'),(31,4,5,'انا  تمام  كيفك',NULL,NULL,1,'2025-05-27 01:25:42','2025-05-27 04:02:27'),(32,4,2,'','uploads/chat_images/chat_img_683518d60d0b7_1748310230.jpg',NULL,0,'2025-05-27 01:43:50','2025-05-27 01:43:50'),(35,4,2,'يي',NULL,NULL,0,'2025-05-27 01:44:18','2025-05-27 01:44:18'),(58,4,1,'زة',NULL,NULL,0,'2025-05-27 01:51:29','2025-05-27 01:51:29'),(59,4,1,'زة',NULL,NULL,0,'2025-05-27 01:51:29','2025-05-27 01:51:29'),(60,4,1,'و',NULL,NULL,0,'2025-05-27 01:51:30','2025-05-27 01:51:30'),(61,4,1,'و',NULL,NULL,0,'2025-05-27 01:51:30','2025-05-27 01:51:30'),(62,4,1,'و',NULL,NULL,0,'2025-05-27 01:51:31','2025-05-27 01:51:31'),(63,4,1,'و',NULL,NULL,0,'2025-05-27 01:51:31','2025-05-27 01:51:31'),(64,4,1,'ووو',NULL,NULL,0,'2025-05-27 01:51:32','2025-05-27 01:51:32'),(65,4,1,'ووو',NULL,NULL,0,'2025-05-27 01:51:32','2025-05-27 01:51:32'),(66,4,1,'ير',NULL,NULL,0,'2025-05-27 01:57:33','2025-05-27 01:57:33'),(67,4,1,'ير',NULL,NULL,0,'2025-05-27 01:57:33','2025-05-27 01:57:33'),(68,4,1,'ؤبيس',NULL,NULL,0,'2025-05-27 01:58:25','2025-05-27 01:58:25'),(69,4,1,'ؤبيس',NULL,NULL,0,'2025-05-27 01:58:25','2025-05-27 01:58:25'),(70,4,1,'زط',NULL,NULL,0,'2025-05-27 02:01:22','2025-05-27 02:01:22'),(71,4,1,'زط',NULL,NULL,0,'2025-05-27 02:01:22','2025-05-27 02:01:22'),(72,4,1,'زوو',NULL,NULL,0,'2025-05-27 02:01:27','2025-05-27 02:01:27'),(73,4,1,'زوو',NULL,NULL,0,'2025-05-27 02:01:27','2025-05-27 02:01:27'),(74,4,1,'بب',NULL,NULL,0,'2025-05-27 02:01:40','2025-05-27 02:01:40'),(75,4,1,'بب',NULL,NULL,0,'2025-05-27 02:01:40','2025-05-27 02:01:40'),(76,4,1,'كزز',NULL,NULL,0,'2025-05-27 02:03:27','2025-05-27 02:03:27'),(77,4,1,'كزز',NULL,NULL,0,'2025-05-27 02:03:27','2025-05-27 02:03:27'),(78,4,1,'مك',NULL,NULL,0,'2025-05-27 02:05:25','2025-05-27 02:05:25'),(79,4,1,'مك',NULL,NULL,0,'2025-05-27 02:05:25','2025-05-27 02:05:25'),(98,4,2,'ؤءؤء',NULL,NULL,0,'2025-05-27 02:10:41','2025-05-27 02:10:41'),(99,4,2,'ؤءؤء',NULL,NULL,0,'2025-05-27 02:10:41','2025-05-27 02:10:41'),(122,4,5,'','uploads/chat_images/chat_img_68351fd971728_1748312025.jpg',NULL,1,'2025-05-27 02:13:45','2025-05-27 04:02:27'),(125,4,3,'ؤؤ',NULL,NULL,0,'2025-05-27 03:52:17','2025-05-27 03:52:17'),(126,4,3,'ؤؤ',NULL,NULL,0,'2025-05-27 03:52:17','2025-05-27 03:52:17'),(127,4,3,'يس',NULL,NULL,0,'2025-05-27 03:52:19','2025-05-27 03:52:19'),(128,4,3,'يس',NULL,NULL,0,'2025-05-27 03:52:19','2025-05-27 03:52:19'),(129,4,3,'س',NULL,NULL,0,'2025-05-27 03:52:19','2025-05-27 03:52:19'),(130,4,3,'س',NULL,NULL,0,'2025-05-27 03:52:19','2025-05-27 03:52:19'),(131,4,3,'س',NULL,NULL,0,'2025-05-27 03:52:20','2025-05-27 03:52:20'),(132,4,3,'س',NULL,NULL,0,'2025-05-27 03:52:20','2025-05-27 03:52:20'),(133,4,3,'س',NULL,NULL,0,'2025-05-27 03:52:20','2025-05-27 03:52:20'),(134,4,3,'س',NULL,NULL,0,'2025-05-27 03:52:20','2025-05-27 03:52:20'),(135,4,3,'س',NULL,NULL,0,'2025-05-27 03:52:21','2025-05-27 03:52:21'),(136,4,3,'س',NULL,NULL,0,'2025-05-27 03:52:21','2025-05-27 03:52:21'),(137,4,3,'س',NULL,NULL,0,'2025-05-27 03:52:21','2025-05-27 03:52:21'),(138,4,3,'س',NULL,NULL,0,'2025-05-27 03:52:21','2025-05-27 03:52:21'),(139,4,3,'س',NULL,NULL,0,'2025-05-27 03:52:22','2025-05-27 03:52:22'),(140,4,3,'س',NULL,NULL,0,'2025-05-27 03:52:22','2025-05-27 03:52:22'),(141,4,3,'س',NULL,NULL,0,'2025-05-27 03:52:23','2025-05-27 03:52:23'),(142,4,3,'س',NULL,NULL,0,'2025-05-27 03:52:23','2025-05-27 03:52:23'),(143,4,3,'س',NULL,NULL,0,'2025-05-27 03:52:23','2025-05-27 03:52:23'),(144,4,3,'س',NULL,NULL,0,'2025-05-27 03:52:23','2025-05-27 03:52:23'),(145,4,2,'و',NULL,NULL,0,'2025-05-27 03:53:50','2025-05-27 03:53:50'),(146,4,2,'و',NULL,NULL,0,'2025-05-27 03:53:50','2025-05-27 03:53:50'),(147,4,2,'بيسبي',NULL,NULL,0,'2025-05-27 03:57:38','2025-05-27 03:57:38'),(148,4,2,'بيسبي',NULL,NULL,0,'2025-05-27 03:57:38','2025-05-27 03:57:38'),(149,4,2,'يبي',NULL,NULL,0,'2025-05-27 03:57:40','2025-05-27 03:57:40'),(150,4,2,'يبي',NULL,NULL,0,'2025-05-27 03:57:40','2025-05-27 03:57:40'),(151,4,2,'بلب',NULL,NULL,0,'2025-05-27 03:57:43','2025-05-27 03:57:43'),(152,4,2,'بلب',NULL,NULL,0,'2025-05-27 03:57:43','2025-05-27 03:57:43'),(153,4,2,'لبيلي',NULL,NULL,0,'2025-05-27 03:57:44','2025-05-27 03:57:44'),(154,4,2,'لبيلي',NULL,NULL,0,'2025-05-27 03:57:44','2025-05-27 03:57:44'),(155,4,2,'بيلبيل',NULL,NULL,0,'2025-05-27 03:57:45','2025-05-27 03:57:45'),(156,4,2,'بيلبيل',NULL,NULL,0,'2025-05-27 03:57:45','2025-05-27 03:57:45'),(157,4,2,'لل',NULL,NULL,0,'2025-05-27 03:57:45','2025-05-27 03:57:45'),(158,4,2,'لل',NULL,NULL,0,'2025-05-27 03:57:45','2025-05-27 03:57:45'),(159,4,2,'يليبل',NULL,NULL,0,'2025-05-27 03:57:45','2025-05-27 03:57:45'),(160,4,2,'يليبل',NULL,NULL,0,'2025-05-27 03:57:45','2025-05-27 03:57:45'),(161,4,2,'ل',NULL,NULL,0,'2025-05-27 03:57:46','2025-05-27 03:57:46'),(162,4,2,'ل',NULL,NULL,0,'2025-05-27 03:57:46','2025-05-27 03:57:46'),(163,4,5,'ل',NULL,NULL,1,'2025-05-27 03:57:57','2025-05-27 04:02:27'),(164,4,5,'ل',NULL,NULL,1,'2025-05-27 03:57:57','2025-05-27 04:02:27'),(165,4,5,'ل',NULL,NULL,1,'2025-05-27 03:58:31','2025-05-27 04:02:27'),(166,4,5,'ل',NULL,NULL,1,'2025-05-27 03:58:31','2025-05-27 04:02:27'),(167,4,5,'ل',NULL,NULL,1,'2025-05-27 03:58:32','2025-05-27 04:02:27'),(168,4,5,'ل',NULL,NULL,1,'2025-05-27 03:58:32','2025-05-27 04:02:27'),(169,4,5,'لا',NULL,NULL,1,'2025-05-27 04:02:04','2025-05-27 04:02:27'),(170,4,5,'لا',NULL,NULL,1,'2025-05-27 04:02:04','2025-05-27 04:02:27'),(171,5,4,'لار',NULL,NULL,1,'2025-05-27 04:02:33','2025-05-27 04:12:39'),(172,5,4,'لار',NULL,NULL,1,'2025-05-27 04:02:33','2025-05-27 04:12:39'),(173,5,4,'تا',NULL,NULL,1,'2025-05-27 04:02:37','2025-05-27 04:12:39'),(174,5,4,'تا',NULL,NULL,1,'2025-05-27 04:02:37','2025-05-27 04:12:39'),(175,5,4,'رلارؤلا',NULL,NULL,1,'2025-05-27 04:02:49','2025-05-27 04:12:39'),(176,5,4,'رلارؤلا',NULL,NULL,1,'2025-05-27 04:02:49','2025-05-27 04:12:39'),(177,5,4,'رلاىرلاى',NULL,NULL,1,'2025-05-27 04:02:58','2025-05-27 04:12:39'),(178,5,4,'رلاىرلاى',NULL,NULL,1,'2025-05-27 04:02:58','2025-05-27 04:12:39'),(179,5,4,'ؤرلارؤ',NULL,NULL,1,'2025-05-27 04:03:11','2025-05-27 04:12:39'),(180,5,4,'ؤرلارؤ',NULL,NULL,1,'2025-05-27 04:03:11','2025-05-27 04:12:39'),(181,5,4,'5',NULL,NULL,1,'2025-05-27 04:06:00','2025-05-27 04:12:39'),(182,5,4,'5',NULL,NULL,1,'2025-05-27 04:06:00','2025-05-27 04:12:39'),(183,5,4,'4',NULL,NULL,1,'2025-05-27 04:06:01','2025-05-27 04:12:39'),(184,5,4,'4',NULL,NULL,1,'2025-05-27 04:06:01','2025-05-27 04:12:39'),(185,5,4,'4',NULL,NULL,1,'2025-05-27 04:06:02','2025-05-27 04:12:39'),(186,5,4,'4',NULL,NULL,1,'2025-05-27 04:06:02','2025-05-27 04:12:39'),(187,5,4,'4',NULL,NULL,1,'2025-05-27 04:06:02','2025-05-27 04:12:39'),(188,5,4,'4',NULL,NULL,1,'2025-05-27 04:06:02','2025-05-27 04:12:39'),(189,5,4,'44',NULL,NULL,1,'2025-05-27 04:06:04','2025-05-27 04:12:39'),(190,5,4,'44',NULL,NULL,1,'2025-05-27 04:06:04','2025-05-27 04:12:39'),(191,5,4,'4',NULL,NULL,1,'2025-05-27 04:06:11','2025-05-27 04:12:39'),(192,5,4,'4',NULL,NULL,1,'2025-05-27 04:06:11','2025-05-27 04:12:39'),(193,5,4,'55',NULL,NULL,1,'2025-05-27 04:06:13','2025-05-27 04:12:39'),(194,5,4,'55',NULL,NULL,1,'2025-05-27 04:06:13','2025-05-27 04:12:39'),(195,5,4,'454',NULL,NULL,1,'2025-05-27 04:06:15','2025-05-27 04:12:39'),(196,5,4,'454',NULL,NULL,1,'2025-05-27 04:06:15','2025-05-27 04:12:39'),(197,5,4,'5',NULL,NULL,1,'2025-05-27 04:06:15','2025-05-27 04:12:39'),(198,5,4,'5',NULL,NULL,1,'2025-05-27 04:06:15','2025-05-27 04:12:39'),(199,5,2,'رلا',NULL,NULL,0,'2025-05-27 04:08:28','2025-05-27 04:08:28'),(200,5,2,'رلا',NULL,NULL,0,'2025-05-27 04:08:28','2025-05-27 04:08:28'),(201,5,2,'ك',NULL,NULL,0,'2025-05-27 04:08:30','2025-05-27 04:08:30'),(202,5,2,'ك',NULL,NULL,0,'2025-05-27 04:08:30','2025-05-27 04:08:30'),(203,5,4,'ك',NULL,NULL,1,'2025-05-27 04:12:08','2025-05-27 04:12:39'),(204,5,4,'ك',NULL,NULL,1,'2025-05-27 04:12:08','2025-05-27 04:12:39'),(205,5,4,'ظ',NULL,NULL,1,'2025-05-27 04:12:09','2025-05-27 04:12:39'),(206,5,4,'ظ',NULL,NULL,1,'2025-05-27 04:12:09','2025-05-27 04:12:39'),(207,5,4,'ظ',NULL,NULL,1,'2025-05-27 04:12:09','2025-05-27 04:12:39'),(208,5,4,'ظ',NULL,NULL,1,'2025-05-27 04:12:09','2025-05-27 04:12:39'),(209,5,4,'ظ',NULL,NULL,1,'2025-05-27 04:12:10','2025-05-27 04:12:39'),(210,5,4,'ظ',NULL,NULL,1,'2025-05-27 04:12:10','2025-05-27 04:12:39'),(211,5,4,'ظ',NULL,NULL,1,'2025-05-27 04:12:10','2025-05-27 04:12:39'),(212,5,4,'ظ',NULL,NULL,1,'2025-05-27 04:12:10','2025-05-27 04:12:39'),(213,5,4,'ظ',NULL,NULL,1,'2025-05-27 04:12:11','2025-05-27 04:12:39'),(214,5,4,'ظ',NULL,NULL,1,'2025-05-27 04:12:11','2025-05-27 04:12:39'),(215,5,4,'ظ',NULL,NULL,1,'2025-05-27 04:12:11','2025-05-27 04:12:39'),(216,5,4,'ظ',NULL,NULL,1,'2025-05-27 04:12:11','2025-05-27 04:12:39'),(217,5,4,'ظ',NULL,NULL,1,'2025-05-27 04:12:11','2025-05-27 04:12:39'),(218,5,4,'ظ',NULL,NULL,1,'2025-05-27 04:12:11','2025-05-27 04:12:39'),(219,5,4,'ظ',NULL,NULL,1,'2025-05-27 04:12:12','2025-05-27 04:12:39'),(220,5,4,'ظ',NULL,NULL,1,'2025-05-27 04:12:12','2025-05-27 04:12:39'),(221,5,4,'ظ',NULL,NULL,1,'2025-05-27 04:12:12','2025-05-27 04:12:39'),(222,5,4,'ظ',NULL,NULL,1,'2025-05-27 04:12:12','2025-05-27 04:12:39'),(225,4,5,'ظ\\',NULL,NULL,1,'2025-05-27 04:12:45','2025-05-27 06:26:31'),(226,4,5,'ظ\\',NULL,NULL,1,'2025-05-27 04:12:45','2025-05-27 06:26:31'),(227,4,5,'ؤ',NULL,NULL,1,'2025-05-27 04:12:54','2025-05-27 06:26:31'),(228,4,5,'ؤ',NULL,NULL,1,'2025-05-27 04:12:54','2025-05-27 06:26:31'),(229,4,2,'ة',NULL,NULL,0,'2025-05-27 04:15:47','2025-05-27 04:15:47'),(230,4,2,'ة',NULL,NULL,0,'2025-05-27 04:15:47','2025-05-27 04:15:47'),(231,4,2,'م',NULL,NULL,0,'2025-05-27 04:15:48','2025-05-27 04:15:48'),(232,4,2,'م',NULL,NULL,0,'2025-05-27 04:15:48','2025-05-27 04:15:48'),(233,4,2,'م',NULL,NULL,0,'2025-05-27 04:15:49','2025-05-27 04:15:49'),(234,4,2,'م',NULL,NULL,0,'2025-05-27 04:15:49','2025-05-27 04:15:49'),(235,4,2,'م',NULL,NULL,0,'2025-05-27 04:15:49','2025-05-27 04:15:49'),(236,4,2,'م',NULL,NULL,0,'2025-05-27 04:15:49','2025-05-27 04:15:49'),(237,4,2,'ة',NULL,NULL,0,'2025-05-27 04:18:28','2025-05-27 04:18:28'),(238,4,2,'ة',NULL,NULL,0,'2025-05-27 04:18:28','2025-05-27 04:18:28'),(239,4,2,'م',NULL,NULL,0,'2025-05-27 04:18:29','2025-05-27 04:18:29'),(240,4,2,'م',NULL,NULL,0,'2025-05-27 04:18:29','2025-05-27 04:18:29'),(241,4,2,'م',NULL,NULL,0,'2025-05-27 04:18:30','2025-05-27 04:18:30'),(242,4,2,'م',NULL,NULL,0,'2025-05-27 04:18:30','2025-05-27 04:18:30'),(243,4,2,'م',NULL,NULL,0,'2025-05-27 04:18:31','2025-05-27 04:18:31'),(244,4,2,'م',NULL,NULL,0,'2025-05-27 04:18:31','2025-05-27 04:18:31'),(245,4,2,'م',NULL,NULL,0,'2025-05-27 04:18:31','2025-05-27 04:18:31'),(246,4,2,'م',NULL,NULL,0,'2025-05-27 04:18:31','2025-05-27 04:18:31'),(247,4,2,'مم',NULL,NULL,0,'2025-05-27 04:18:32','2025-05-27 04:18:32'),(248,4,2,'مم',NULL,NULL,0,'2025-05-27 04:18:32','2025-05-27 04:18:32'),(249,4,2,'مم',NULL,NULL,0,'2025-05-27 04:18:32','2025-05-27 04:18:32'),(250,4,2,'مم',NULL,NULL,0,'2025-05-27 04:18:32','2025-05-27 04:18:32'),(251,4,5,'و',NULL,NULL,1,'2025-05-27 04:37:49','2025-05-27 06:26:31'),(252,4,3,'و',NULL,NULL,0,'2025-05-27 04:38:00','2025-05-27 04:38:00'),(253,4,3,'ومم',NULL,NULL,0,'2025-05-27 04:45:43','2025-05-27 04:45:43'),(254,4,3,'زز',NULL,NULL,0,'2025-05-27 04:45:44','2025-05-27 04:45:44'),(255,4,3,'ز',NULL,NULL,0,'2025-05-27 04:45:44','2025-05-27 04:45:44'),(256,4,5,'وو',NULL,NULL,1,'2025-05-27 04:45:50','2025-05-27 06:26:31'),(257,4,5,'م',NULL,NULL,1,'2025-05-27 04:46:30','2025-05-27 06:26:31'),(259,4,2,'😒',NULL,NULL,0,'2025-05-27 04:56:30','2025-05-27 04:56:30'),(260,4,8,'زة',NULL,NULL,0,'2025-05-27 06:20:47','2025-05-27 06:20:47'),(262,11,4,'بب',NULL,NULL,1,'2025-05-27 11:25:57','2025-05-27 11:26:33'),(263,11,4,'','uploads/chat_images/chat_1748345163_6835a14b9c8d0.jpg',NULL,1,'2025-05-27 11:26:03','2025-05-27 11:26:33'),(264,4,1,'fdf',NULL,NULL,0,'2025-05-27 21:25:45','2025-05-27 21:25:45'),(265,4,5,'يبي',NULL,NULL,1,'2025-05-27 23:10:58','2025-05-27 23:13:18'),(266,4,5,'يبي',NULL,NULL,1,'2025-05-27 23:11:01','2025-05-27 23:13:18'),(268,4,5,'','uploads/chat_images/chat_1748387543_683646d74aa13.jpg',NULL,1,'2025-05-27 23:12:23','2025-05-27 23:13:18'),(269,4,5,'ؤ😍🤨😎',NULL,NULL,1,'2025-05-27 23:12:28','2025-05-27 23:13:18');
/*!40000 ALTER TABLE `messages` ENABLE KEYS */;
UNLOCK TABLES;

--
-- Table structure for table `notifications`
--

DROP TABLE IF EXISTS `notifications`;
/*!40101 SET @saved_cs_client     = @@character_set_client */;
/*!40101 SET character_set_client = utf8 */;
CREATE TABLE `notifications` (
  `id` int(11) NOT NULL AUTO_INCREMENT,
  `user_id` int(11) NOT NULL,
  `from_user_id` int(11) DEFAULT NULL,
  `type` enum('like','comment','follow','share','mention') NOT NULL,
  `reference_id` int(11) DEFAULT NULL,
  `message` text DEFAULT NULL,
  `is_read` tinyint(1) DEFAULT 0,
  `created_at` timestamp NOT NULL DEFAULT current_timestamp(),
  PRIMARY KEY (`id`),
  KEY `user_id` (`user_id`),
  KEY `from_user_id` (`from_user_id`),
  CONSTRAINT `notifications_ibfk_1` FOREIGN KEY (`user_id`) REFERENCES `users` (`id`) ON DELETE CASCADE,
  CONSTRAINT `notifications_ibfk_2` FOREIGN KEY (`from_user_id`) REFERENCES `users` (`id`) ON DELETE CASCADE
) ENGINE=InnoDB AUTO_INCREMENT=35 DEFAULT CHARSET=utf8mb4 COLLATE=utf8mb4_unicode_ci;
/*!40101 SET character_set_client = @saved_cs_client */;

--
-- Dumping data for table `notifications`
--

LOCK TABLES `notifications` WRITE;
/*!40000 ALTER TABLE `notifications` DISABLE KEYS */;
INSERT INTO `notifications` VALUES (1,10,5,'follow',NULL,NULL,0,'2025-05-27 09:34:33'),(2,9,5,'follow',NULL,NULL,0,'2025-05-27 09:34:34'),(3,1,5,'follow',NULL,NULL,0,'2025-05-27 09:34:55'),(4,4,5,'follow',NULL,NULL,0,'2025-05-27 09:34:57'),(5,8,11,'follow',NULL,NULL,0,'2025-05-27 09:38:15'),(6,1,11,'follow',NULL,NULL,0,'2025-05-27 09:42:51'),(7,7,11,'follow',NULL,NULL,0,'2025-05-27 09:42:51'),(8,6,11,'follow',NULL,NULL,0,'2025-05-27 09:42:52'),(9,4,11,'follow',NULL,NULL,0,'2025-05-27 09:42:53'),(10,3,11,'follow',NULL,NULL,0,'2025-05-27 09:42:54'),(11,5,11,'follow',NULL,NULL,0,'2025-05-27 09:45:24'),(12,4,11,'follow',NULL,NULL,0,'2025-05-27 09:45:27'),(13,4,11,'follow',NULL,NULL,0,'2025-05-27 09:45:30'),(14,2,11,'follow',NULL,NULL,0,'2025-05-27 09:45:33'),(15,3,11,'follow',NULL,NULL,0,'2025-05-27 10:33:18'),(16,5,11,'like',87,NULL,0,'2025-05-27 11:21:13'),(17,11,4,'like',88,NULL,0,'2025-05-27 11:29:19'),(19,9,11,'follow',NULL,NULL,0,'2025-05-27 12:21:21'),(20,10,11,'follow',NULL,NULL,0,'2025-05-27 12:21:24'),(21,3,11,'follow',NULL,NULL,0,'2025-05-27 12:21:43'),(22,101,4,'follow',NULL,NULL,0,'2025-05-27 21:25:37'),(23,11,1,'like',85,NULL,0,'2025-05-27 21:26:32'),(24,11,1,'like',88,NULL,0,'2025-05-27 21:26:36'),(25,5,1,'like',87,NULL,0,'2025-05-27 21:26:37'),(26,101,4,'follow',NULL,NULL,0,'2025-05-27 23:09:17'),(27,102,5,'follow',NULL,NULL,0,'2025-05-27 23:13:48'),(28,102,5,'follow',NULL,NULL,0,'2025-05-27 23:13:49'),(29,101,5,'follow',NULL,NULL,0,'2025-05-27 23:13:57'),(30,9,5,'follow',NULL,NULL,0,'2025-05-27 23:14:02'),(31,4,5,'like',105,NULL,0,'2025-05-27 23:20:07'),(32,103,104,'follow',NULL,NULL,0,'2025-05-28 07:14:21'),(33,102,104,'follow',NULL,NULL,0,'2025-05-28 07:14:23'),(34,8,104,'follow',NULL,NULL,0,'2025-05-28 07:17:25');
/*!40000 ALTER TABLE `notifications` ENABLE KEYS */;
UNLOCK TABLES;

--
-- Table structure for table `posts`
--

DROP TABLE IF EXISTS `posts`;
/*!40101 SET @saved_cs_client     = @@character_set_client */;
/*!40101 SET character_set_client = utf8 */;
CREATE TABLE `posts` (
  `id` int(11) NOT NULL AUTO_INCREMENT,
  `user_id` int(11) NOT NULL,
  `content` text DEFAULT NULL,
  `media_url` varchar(255) DEFAULT NULL,
  `created_at` timestamp NOT NULL DEFAULT current_timestamp(),
  `updated_at` timestamp NOT NULL DEFAULT current_timestamp() ON UPDATE current_timestamp(),
  `media_type` varchar(10) DEFAULT NULL,
  `location` varchar(255) DEFAULT NULL,
  `is_private` tinyint(1) DEFAULT 0,
  `likes_count` int(11) DEFAULT 0,
  `comments_count` int(11) DEFAULT 0,
  `shares_count` int(11) DEFAULT 0,
  PRIMARY KEY (`id`),
  KEY `user_id` (`user_id`),
  CONSTRAINT `posts_ibfk_1` FOREIGN KEY (`user_id`) REFERENCES `users` (`id`) ON DELETE CASCADE
) ENGINE=InnoDB AUTO_INCREMENT=113 DEFAULT CHARSET=utf8mb4 COLLATE=utf8mb4_unicode_ci;
/*!40101 SET character_set_client = @saved_cs_client */;

--
-- Dumping data for table `posts`
--

LOCK TABLES `posts` WRITE;
/*!40000 ALTER TABLE `posts` DISABLE KEYS */;
INSERT INTO `posts` VALUES (7,4,'و','NOW()','2025-05-27 05:12:25','2025-05-27 09:02:57',NULL,NULL,0,3,0,0),(12,1,'23','NOW()','2025-05-27 05:56:54','2025-05-27 09:02:57',NULL,NULL,0,2,1,0),(13,1,'ثصيب','NOW()','2025-05-27 06:00:04','2025-05-27 09:02:57',NULL,NULL,0,1,1,0),(14,1,'سي','NOW()','2025-05-27 06:00:12','2025-05-27 09:02:57',NULL,NULL,0,3,1,0),(15,1,'يبيس','NOW()','2025-05-27 06:02:19','2025-05-27 09:02:57',NULL,NULL,0,1,1,0),(16,1,'221','NOW()','2025-05-27 06:05:07','2025-05-27 09:02:57',NULL,NULL,0,2,1,0),(17,1,'يييسيسش','NOW()','2025-05-27 06:05:24','2025-05-27 09:02:57',NULL,NULL,0,2,0,0),(18,1,'غبا','NOW()','2025-05-27 06:09:44','2025-05-27 09:02:57',NULL,NULL,0,3,0,0),(20,1,'اال','NOW()','2025-05-27 06:12:43','2025-05-27 09:02:57',NULL,NULL,0,3,0,0),(22,1,'افلب','NOW()','2025-05-27 06:13:13','2025-05-27 09:02:57',NULL,NULL,0,2,0,0),(24,1,'ررءرؤء','NOW()','2025-05-27 06:15:13','2025-05-27 09:02:57',NULL,NULL,0,2,0,0),(26,1,'مكم','NOW()','2025-05-27 06:17:38','2025-05-27 09:02:57',NULL,NULL,0,2,0,0),(28,1,'لاىرلا','NOW()','2025-05-27 06:19:59','2025-05-27 09:02:57',NULL,NULL,0,2,0,0),(30,1,'لارؤلار','NOW()','2025-05-27 06:21:05','2025-05-27 09:02:57',NULL,NULL,0,2,0,0),(32,1,'ىلا','NOW()','2025-05-27 06:21:48','2025-05-27 09:02:57',NULL,NULL,0,2,0,0),(34,1,'اتت','NOW()','2025-05-27 06:22:52','2025-05-27 09:02:57',NULL,NULL,0,1,0,0),(35,4,'اتت',NULL,'2025-05-27 06:22:52','2025-05-27 09:02:57',NULL,NULL,0,2,0,0),(36,4,'لباب',NULL,'2025-05-27 06:22:57','2025-05-27 09:02:57',NULL,NULL,0,1,0,0),(37,1,'لباب','NOW()','2025-05-27 06:22:57','2025-05-27 09:02:57',NULL,NULL,0,3,0,0),(38,1,'الب','NOW()','2025-05-27 06:23:02','2025-05-27 09:02:57',NULL,NULL,0,3,0,0),(39,4,'الب',NULL,'2025-05-27 06:23:02','2025-05-27 09:02:57',NULL,NULL,0,1,0,0),(40,1,'','NOW()','2025-05-27 06:23:27','2025-05-27 09:02:57',NULL,NULL,0,2,0,0),(41,4,'','NOW()','2025-05-27 06:23:27','2025-05-27 09:02:57',NULL,NULL,0,1,0,0),(42,1,'الل','NOW()','2025-05-27 06:25:30','2025-05-27 09:02:57',NULL,NULL,0,1,0,0),(43,4,'الل',NULL,'2025-05-27 06:25:30','2025-05-27 09:02:57',NULL,NULL,0,2,0,0),(44,1,'1','NOW()','2025-05-27 06:26:16','2025-05-27 09:02:57',NULL,NULL,0,4,2,0),(45,5,'1',NULL,'2025-05-27 06:26:16','2025-05-27 09:08:45',NULL,NULL,0,4,2,0),(46,1,'','NOW()','2025-05-27 07:24:11','2025-05-27 09:02:57',NULL,NULL,0,1,0,0),(48,1,'','NOW()','2025-05-27 07:42:48','2025-05-27 09:02:57',NULL,NULL,0,1,0,0),(49,1,'','NOW()','2025-05-27 07:43:00','2025-05-27 09:02:57',NULL,NULL,0,1,0,0),(50,1,'','NOW()','2025-05-27 07:43:18','2025-05-27 09:02:57',NULL,NULL,0,3,0,0),(51,1,'ؤ','NOW()','2025-05-27 07:44:11','2025-05-27 09:02:57',NULL,NULL,0,2,0,0),(54,1,'وموك','NOW()','2025-05-27 07:51:17','2025-05-27 09:02:57',NULL,NULL,0,1,0,0),(55,1,'ئيئيبي','NOW()','2025-05-27 07:51:22','2025-05-27 09:02:57',NULL,NULL,0,2,0,0),(65,5,'ويسيب','','2025-05-27 07:53:35','2025-05-27 09:08:45',NULL,NULL,0,5,1,0),(66,5,'ويسيب','','2025-05-27 07:53:35','2025-05-27 09:08:45',NULL,NULL,0,3,0,0),(67,5,'255','','2025-05-27 07:53:53','2025-05-27 09:08:45',NULL,NULL,0,4,1,0),(68,5,'255','','2025-05-27 07:53:53','2025-05-27 09:08:45',NULL,NULL,0,6,1,0),(69,5,'قيب','','2025-05-27 07:54:14','2025-05-27 09:02:57',NULL,NULL,0,2,0,0),(70,5,'قيب','','2025-05-27 07:54:14','2025-05-27 09:02:57',NULL,NULL,0,2,0,0),(71,5,'00','','2025-05-27 07:59:48','2025-05-27 09:02:57',NULL,NULL,0,2,0,0),(72,5,'00','','2025-05-27 07:59:49','2025-05-27 09:02:57',NULL,NULL,0,3,0,0),(73,5,'م','','2025-05-27 08:17:39','2025-05-27 09:02:57',NULL,NULL,0,1,0,0),(74,5,'لاى','','2025-05-27 08:18:23','2025-05-27 09:02:57',NULL,NULL,0,3,0,0),(75,11,'🎉 Welcome to my profile! This is my first post.',NULL,'2025-05-27 09:37:58','2025-05-27 09:37:58',NULL,NULL,0,0,0,0),(76,11,'🎉 مرحباً بكم في ملفي الشخصي!',NULL,'2025-05-27 09:44:31','2025-05-27 09:44:31',NULL,NULL,0,0,0,0),(77,11,'💻 أحب البرمجة والتطوير',NULL,'2025-05-27 09:44:31','2025-05-27 09:44:31',NULL,NULL,0,0,0,0),(78,11,'🌟 يوم رائع للتعلم',NULL,'2025-05-27 09:44:31','2025-05-27 09:44:31',NULL,NULL,0,0,0,0),(79,11,'🚀 مشروع جديد قادم قريباً',NULL,'2025-05-27 09:44:31','2025-05-27 09:44:31',NULL,NULL,0,0,0,0),(80,11,'📚 القراءة تفتح آفاق جديدة',NULL,'2025-05-27 09:44:31','2025-05-27 09:44:31',NULL,NULL,0,0,0,0),(82,11,'ة',NULL,'2025-05-27 09:53:53','2025-05-27 09:53:53',NULL,NULL,0,0,0,0),(83,11,'asd',NULL,'2025-05-27 09:54:24','2025-05-27 09:54:24',NULL,NULL,0,0,0,0),(84,11,'','uploads/posts/post_1748339673_68358bd9a3336.jpg','2025-05-27 09:54:33','2025-05-27 09:54:33',NULL,NULL,0,0,0,0),(85,11,'رؤءر',NULL,'2025-05-27 09:57:20','2025-05-27 09:57:20',NULL,NULL,0,0,0,0),(86,11,'رؤر',NULL,'2025-05-27 09:57:25','2025-05-27 09:57:25',NULL,NULL,0,0,0,0),(87,5,'منشور تجريبي للاختبار',NULL,'2025-05-27 10:41:12','2025-05-27 10:41:12',NULL,NULL,0,0,0,0),(88,11,'ييي',NULL,'2025-05-27 11:21:44','2025-05-27 11:21:44',NULL,NULL,0,0,0,0),(89,4,'طط',NULL,'2025-05-27 12:18:32','2025-05-27 12:18:32',NULL,NULL,0,0,0,0),(90,4,'كز',NULL,'2025-05-27 12:18:39','2025-05-27 12:18:39',NULL,NULL,0,0,0,0),(97,101,'🎉 Welcome to my profile! This is my first post.',NULL,'2025-05-27 19:26:14','2025-05-27 19:26:14',NULL,NULL,0,0,0,0),(98,101,'ss',NULL,'2025-05-27 19:26:45','2025-05-27 19:26:45',NULL,NULL,0,0,0,0),(100,102,'🎉 Welcome to my profile! This is my first post.',NULL,'2025-05-27 21:50:46','2025-05-27 21:50:46',NULL,NULL,0,0,0,0),(101,102,'','uploads/posts/1748382957_2686.jpg','2025-05-27 21:55:57','2025-05-27 21:55:57','image',NULL,0,0,0,0),(103,4,'ءئء',NULL,'2025-05-27 22:20:45','2025-05-27 22:20:45',NULL,NULL,0,0,0,0),(104,4,'','uploads/posts/post_1748386427_6836427b5d50d.jpg','2025-05-27 22:53:47','2025-05-27 22:53:47',NULL,NULL,0,0,0,0),(105,4,'قمر','uploads/posts/post_1748387269_683645c5bff67.jpg','2025-05-27 23:07:49','2025-05-27 23:07:49',NULL,NULL,0,0,0,0),(106,5,'😃😃',NULL,'2025-05-28 00:06:01','2025-05-28 00:06:01',NULL,NULL,0,0,0,0),(107,5,'لاللاىلاىلالبا',NULL,'2025-05-28 00:17:04','2025-05-28 00:17:04',NULL,NULL,0,0,0,0),(108,5,'sd😊😊','uploads/posts/post_1748391455_6836561f06e62.jpg','2025-05-28 00:17:35','2025-05-28 00:17:35',NULL,NULL,0,0,0,0),(109,104,'🎉 Welcome to my profile! This is my first post.',NULL,'2025-05-28 07:13:31','2025-05-28 07:13:31',NULL,NULL,0,0,0,0),(111,105,'🎉 Welcome to my profile! This is my first post.',NULL,'2025-05-28 09:12:27','2025-05-28 09:12:27',NULL,NULL,0,0,0,0),(112,105,'dfdf',NULL,'2025-05-28 09:13:40','2025-05-28 09:13:40',NULL,NULL,0,0,0,0);
/*!40000 ALTER TABLE `posts` ENABLE KEYS */;
UNLOCK TABLES;

--
-- Table structure for table `shares`
--

DROP TABLE IF EXISTS `shares`;
/*!40101 SET @saved_cs_client     = @@character_set_client */;
/*!40101 SET character_set_client = utf8 */;
CREATE TABLE `shares` (
  `id` int(11) NOT NULL AUTO_INCREMENT,
  `user_id` int(11) NOT NULL,
  `post_id` int(11) NOT NULL,
  `created_at` timestamp NOT NULL DEFAULT current_timestamp(),
  PRIMARY KEY (`id`),
  KEY `user_id` (`user_id`),
  KEY `post_id` (`post_id`),
  CONSTRAINT `shares_ibfk_1` FOREIGN KEY (`user_id`) REFERENCES `users` (`id`) ON DELETE CASCADE,
  CONSTRAINT `shares_ibfk_2` FOREIGN KEY (`post_id`) REFERENCES `posts` (`id`) ON DELETE CASCADE
) ENGINE=InnoDB DEFAULT CHARSET=utf8mb4 COLLATE=utf8mb4_unicode_ci;
/*!40101 SET character_set_client = @saved_cs_client */;

--
-- Dumping data for table `shares`
--

LOCK TABLES `shares` WRITE;
/*!40000 ALTER TABLE `shares` DISABLE KEYS */;
/*!40000 ALTER TABLE `shares` ENABLE KEYS */;
UNLOCK TABLES;

--
-- Table structure for table `users`
--

DROP TABLE IF EXISTS `users`;
/*!40101 SET @saved_cs_client     = @@character_set_client */;
/*!40101 SET character_set_client = utf8 */;
CREATE TABLE `users` (
  `id` int(11) NOT NULL AUTO_INCREMENT,
  `username` varchar(50) NOT NULL,
  `email` varchar(255) NOT NULL,
  `password` varchar(255) NOT NULL,
  `profile_picture` varchar(255) DEFAULT NULL,
  `bio` text DEFAULT NULL,
  `created_at` timestamp NOT NULL DEFAULT current_timestamp(),
  `updated_at` timestamp NOT NULL DEFAULT current_timestamp() ON UPDATE current_timestamp(),
  `last_active` timestamp NOT NULL DEFAULT current_timestamp() ON UPDATE current_timestamp(),
  `last_message_time` datetime DEFAULT NULL,
  `first_name` varchar(50) DEFAULT '',
  `last_name` varchar(50) DEFAULT '',
  `avatar_url` varchar(255) DEFAULT '/WEP/assets/images/default-avatar.png',
  `last_activity` timestamp NOT NULL DEFAULT current_timestamp() ON UPDATE current_timestamp(),
  `location` varchar(255) DEFAULT NULL,
  `website` varchar(255) DEFAULT NULL,
  `phone` varchar(20) DEFAULT NULL,
  `is_verified` tinyint(1) DEFAULT 0,
  `is_private` tinyint(1) DEFAULT 0,
  PRIMARY KEY (`id`),
  UNIQUE KEY `username` (`username`),
  UNIQUE KEY `email` (`email`)
) ENGINE=InnoDB AUTO_INCREMENT=106 DEFAULT CHARSET=utf8mb4 COLLATE=utf8mb4_unicode_ci;
/*!40101 SET character_set_client = @saved_cs_client */;

--
-- Dumping data for table `users`
--

LOCK TABLES `users` WRITE;
/*!40000 ALTER TABLE `users` DISABLE KEYS */;
INSERT INTO `users` VALUES (1,'user1','user1@example.com','$2y$10$LPoenggxWDd5Aazk1IABiOeVqM21pDTxZAwVc8jClfjvodAGGQFKW',NULL,NULL,'2025-05-26 21:03:53','2025-05-28 09:14:20','2025-05-28 09:14:20','2025-05-27 23:25:45','','','/WEP/assets/images/default-avatar.png','2025-05-28 09:14:20',NULL,NULL,NULL,0,0),(2,'user2','user2@example.com','$2y$10$LPoenggxWDd5Aazk1IABiOeVqM21pDTxZAwVc8jClfjvodAGGQFKW',NULL,NULL,'2025-05-26 21:03:53','2025-05-27 04:56:30','2025-05-27 04:56:30','2025-05-27 06:56:30','','','/WEP/assets/images/default-avatar.png','2025-05-27 08:44:07',NULL,NULL,NULL,0,0),(3,'user3','user3@example.com','$2y$10$LPoenggxWDd5Aazk1IABiOeVqM21pDTxZAwVc8jClfjvodAGGQFKW',NULL,NULL,'2025-05-26 21:03:53','2025-05-27 04:45:44','2025-05-27 04:45:44','2025-05-27 06:45:44','','','/WEP/assets/images/default-avatar.png','2025-05-27 08:44:07',NULL,NULL,NULL,0,0),(4,'andrew','loudakingxx@gmail.com','$2y$10$RXvKTafXdbe8F5K91ZLT1.FVJbFGBkAn0h0gtBuXEYf/8vgL6yA4m',NULL,NULL,'2025-05-26 21:30:18','2025-05-28 07:36:13','2025-05-28 07:36:13','2025-05-28 01:12:28','','','uploads/avatars/avatar_4_1748387232.jpg','2025-05-28 07:36:13',NULL,NULL,NULL,0,0),(5,'ben10','ben10@gmail.com','$2y$10$C3DbRpLYvkKVeIlv.CHbPu.24/mI5.e5y1TgCoBTCok2NzA1YkZcW',NULL,NULL,'2025-05-27 01:24:58','2025-05-28 00:17:42','2025-05-28 00:17:42','2025-05-28 01:12:28','','','uploads/avatars/avatar_5_1748387575.jpg','2025-05-28 00:17:42',NULL,NULL,NULL,0,0),(6,'ahmed','ahmed@example.com','$2y$10$28NrB3YjksxiyhESOjVQhe0BWPjaS.z7VucR1jmqIME0tDlk..SUW',NULL,'مهندس برمجيات في شركة تقنية | مهتم بالذكاء الاصطناعي','2025-05-27 06:19:17','2025-05-27 06:19:17','2025-05-27 06:19:17',NULL,'أحمد','محمد','/WEP/assets/images/default-avatar.png','2025-05-27 08:44:07',NULL,NULL,NULL,0,0),(7,'sara','sara@example.com','$2y$10$gFh0wlqnm5WuXzd5JvS6y.KbSgoeS01Y7tKeH9uGCK.2Dw3RkUZJa',NULL,'طالبة علوم حاسب | مطوّرة ويب','2025-05-27 06:19:17','2025-05-27 06:19:17','2025-05-27 06:19:17',NULL,'سارة','أحمد','/WEP/assets/images/default-avatar.png','2025-05-27 08:44:07',NULL,NULL,NULL,0,0),(8,'omar','omar@example.com','$2y$10$iLC64imPYLvUoFXjRCdWoeig2iC/CU7uv6//CV3tSEYIiU4h44Dcq',NULL,'مصمم واجهات مستخدم | مهتم بتجربة المستخدم','2025-05-27 06:19:18','2025-05-27 06:20:47','2025-05-27 06:20:47','2025-05-27 08:20:47','عمر','خالد','/WEP/assets/images/default-avatar.png','2025-05-27 08:44:07',NULL,NULL,NULL,0,0),(9,'nora','nora@example.com','$2y$10$eUxYRdtbJBb/aWgZbkiLeeWwn94MDbP91cR69S.EPizvH1ArVHLTO',NULL,'مبرمجة | مهتمة بتطوير تطبيقات الهاتف','2025-05-27 06:19:18','2025-05-27 06:19:18','2025-05-27 06:19:18',NULL,'نورا','فهد','/WEP/assets/images/default-avatar.png','2025-05-27 08:44:07',NULL,NULL,NULL,0,0),(10,'youssef','youssef@example.com','$2y$10$RiDUbdhfitsuFiXwAELyue8IdfN.rrnm5Tb0GytR1eE0sy9hD1L2G',NULL,'مطور ألعاب | عاشق للتكنولوجيا والابتكار','2025-05-27 06:19:18','2025-05-27 06:19:18','2025-05-27 06:19:18',NULL,'يوسف','عبدالله','/WEP/assets/images/default-avatar.png','2025-05-27 08:44:07',NULL,NULL,NULL,0,0),(11,'yoyo1','loudak1ingxx@gmail.comd','$2y$10$gRw647gVRzCjmK5M43K38OT1JMhMYbw90tm3ne0Xp9IvN8IizXk9y',NULL,NULL,'2025-05-27 09:37:50','2025-05-27 12:22:45','2025-05-27 12:22:45','2025-05-27 13:25:57','Ahmed','MOHMED ','uploads/avatars/avatar_11_1748348559.jpg','2025-05-27 12:22:45',NULL,NULL,NULL,0,0),(101,'andrew948','loudfdakingxx@gmail.comd','$2y$10$JQaiRGVKRA/aEI.Ru9CrDuBrrwNyDYfmL00mtuLlCB8j7BmIpaOTi',NULL,NULL,'2025-05-27 19:25:40','2025-05-27 19:26:58','2025-05-27 19:26:58',NULL,'andrew','Mohamed','/WEP/assets/images/default-avatar.png','2025-05-27 19:26:58',NULL,NULL,NULL,0,0),(102,'Ahmed10','Ahmed10@gmail.com','$2y$10$ky/26upGSDI0xm6fDmyf0.JsLdFlwteNG77E9w4T.sJUENcpmA7yW',NULL,NULL,'2025-05-27 21:50:28','2025-05-27 21:57:37','2025-05-27 21:57:37',NULL,'Ahmed','Ramdan','uploads/avatars/avatar_102_1748382923.jpg','2025-05-27 21:57:37',NULL,NULL,NULL,0,0),(103,'andrew94986','louda4kingxx@gmail.comd','$2y$10$tTGcPAp4qDCgM3J8KEzwHe2cRU.d0CBYm.j1w1pj4pl1YzQKp6dhe',NULL,NULL,'2025-05-28 07:11:53','2025-05-28 07:13:25','2025-05-28 07:13:25',NULL,'andrew','MOHMED ','/WEP/assets/images/default-avatar.png','2025-05-28 07:13:25',NULL,NULL,NULL,0,0),(104,'andrew9498','loud5akingxx@gmail.co','$2y$10$q5V8ZagHQe0R3SWEjt.3U.hsgchbHU0T68xP.vXRF6V/Hs7Z9gUZ6',NULL,'','2025-05-28 07:13:25','2025-05-28 07:21:50','2025-05-28 07:21:50',NULL,'andrew','10','uploads/avatars/avatar_104_1748416421.jpg','2025-05-28 07:21:50','','',NULL,0,0),(105,'aaaa','loudaki5ngxx@gmail.co','$2y$10$4VuzC5tSC4FtxhIAutgg3epmqPNxlpvI90AUJZhp2IzDDcPzyWP9q',NULL,NULL,'2025-05-28 09:12:15','2025-05-28 09:14:09','2025-05-28 09:14:09',NULL,'andrew','adel','uploads/avatars/avatar_105_1748423565.jpg','2025-05-28 09:14:09',NULL,NULL,NULL,0,0);
/*!40000 ALTER TABLE `users` ENABLE KEYS */;
UNLOCK TABLES;
/*!40103 SET TIME_ZONE=@OLD_TIME_ZONE */;

/*!40101 SET SQL_MODE=@OLD_SQL_MODE */;
/*!40014 SET FOREIGN_KEY_CHECKS=@OLD_FOREIGN_KEY_CHECKS */;
/*!40014 SET UNIQUE_CHECKS=@OLD_UNIQUE_CHECKS */;
/*!40101 SET CHARACTER_SET_CLIENT=@OLD_CHARACTER_SET_CLIENT */;
/*!40101 SET CHARACTER_SET_RESULTS=@OLD_CHARACTER_SET_RESULTS */;
/*!40101 SET COLLATION_CONNECTION=@OLD_COLLATION_CONNECTION */;
/*!40111 SET SQL_NOTES=@OLD_SQL_NOTES */;

-- Dump completed on 2025-06-11  1:33:21
